{
    "workspace": [
    {
        "sessionID": "Session A",
        "options": {
            "startobject": "ep:1",
            "provision": "",
            "evaluatorviews": "view:wui_knockdown_spectra,view:wui_knockdown_spectra_level1",
            "includeundeterminedobjects": "yesdynamic",
            "levels": "99",
            "pointintimepdv": "2019.12.2",
            "structuretypes": "TSS",
            "cotimevalidity": "definitive",
            "instancesToAnalyze": "",
            "typesToAnalyze": "fpc272,fpc2973,fpc2974,fpc448",
            "rulesmode": "all",
            "includeNotApplicable": "Hack"
        },
        "filters": 
        {
            "pivot": {},
            "network": {},
            "tree": {}
        }
    },
    {
        "sessionID": "Type Program",
        "options": {
            "startobject": "ep:1",
            "provision": "",
            "evaluatorviews": "view:wui_knockdown_spectra,view:wui_knockdown_spectra_level1",
            "includeundeterminedobjects": "yesdynamic",
            "levels": "99",
            "pointintimepdv": "2019.12.2",
            "structuretypes": "TSS",
            "cotimevalidity": "definitive",
            "instancesToAnalyze": "",
            "typesToAnalyze": "fpc272,fpc2973",
            "rulesmode": "all",
            "includeNotApplicable": "Yes"
        },
        "filters": 
        {
            "pivot": {},
            "network": {},
            "tree": {}
        }
    }]
}
